2020-02-12T00:00:00Z,2-10-24-31-41-49,22551132.00,EUR
2020-02-05T00:00:00Z,13-16-31-37-39-49,24669864.00,EUR
2020-01-29T00:00:00Z,17-22-24-39-48-49,22556064.00,EUR
2020-01-22T00:00:00Z,3-16-23-33-41-47,21592896.00,EUR
2020-01-15T00:00:00Z,2-8-24-31-43-46,22075448.00,EUR
2020-01-08T00:00:00Z,2-3-11-25-27-35,22637554.00,EUR
2020-01-01T00:00:00Z,7-13-17-37-42-44,30724800.00,EUR
2019-12-25T00:00:00Z,17-22-33-36-41-47,0.00,EUR
2019-12-21T00:00:00Z,4-13-14-20-27-35,52452552.00,EUR
2019-12-18T00:00:00Z,6-19-20-25-42-48,26734072.00,EUR
2019-12-14T00:00:00Z,4-16-20-31-34-38,48680964.00,EUR
2019-12-11T00:00:00Z,14-25-27-32-36-45,24769628.00,EUR
2019-12-07T00:00:00Z,2-11-13-19-20-43,49139580.00,EUR
2019-12-04T00:00:00Z,12-13-35-45-46-48,24774288.00,EUR
2019-11-30T00:00:00Z,5-33-38-42-43-47,44205376.00,EUR
2019-11-27T00:00:00Z,1-12-20-33-40-41,21129982.00,EUR
2019-11-23T00:00:00Z,5-11-24-26-28-36,42257836.00,EUR
2019-11-20T00:00:00Z,2-7-10-18-31-42,20781024.00,EUR
2019-11-16T00:00:00Z,1-4-16-25-28-47,46954888.00,EUR
2019-11-13T00:00:00Z,17-18-20-29-38-44,23667602.00,EUR
2019-11-09T00:00:00Z,9-28-31-33-40-44,45514724.00,EUR
2019-11-06T00:00:00Z,7-11-32-39-45-46,22715248.00,EUR
2019-11-02T00:00:00Z,6-15-17-21-25-41,43634868.00,EUR
2019-10-26T00:00:00Z,1-2-11-17-37-44,41864812.00,EUR
2019-10-23T00:00:00Z,1-7-16-19-26-31,21572220.00,EUR
2019-10-19T00:00:00Z,4-7-11-33-38-39,42823528.00,EUR
2019-10-16T00:00:00Z,5-9-12-17-31-38,20690018.00,EUR
2019-10-12T00:00:00Z,4-23-36-42-44-45,45119712.00,EUR
2019-10-09T00:00:00Z,2-12-22-32-40-45,23265198.00,EUR
2019-10-05T00:00:00Z,8-17-27-36-47-49,43416108.00,EUR
2019-10-02T00:00:00Z,3-26-29-31-33-48,0.00,EUR
2019-09-28T00:00:00Z,13-24-27-30-43-44,42872108.00,EUR
2019-09-25T00:00:00Z,5-7-15-23-33-37,20920812.00,EUR
2019-09-21T00:00:00Z,12-14-16-23-37-47,41243816.00,EUR
2019-09-18T00:00:00Z,18-24-34-44-46-48,21311120.00,EUR
2019-09-14T00:00:00Z,16-24-26-31-34-43,42450572.00,EUR
2019-09-11T00:00:00Z,3-8-17-28-38-42,20310390.00,EUR
2019-09-07T00:00:00Z,9-11-28-29-35-36,43275576.00,EUR
2019-09-04T00:00:00Z,27-28-29-34-36-42,0.00,EUR
2019-08-28T00:00:00Z,10-14-17-22-31-34,21860012.00,EUR
2019-08-24T00:00:00Z,5-9-29-38-42-44,42696088.00,EUR
2019-08-21T00:00:00Z,12-30-39-44-45-46,21413996.00,EUR
2019-08-17T00:00:00Z,2-6-9-28-33-45,43470992.00,EUR
2019-08-14T00:00:00Z,3-15-18-30-39-41,0.00,EUR
2019-08-10T00:00:00Z,1-8-10-16-18-35,49025128.00,EUR
2019-08-03T00:00:00Z,2-3-34-40-42-44,47464784.00,EUR
2019-07-31T00:00:00Z,1-13-17-22-23-35,24373692.00,EUR
2019-07-27T00:00:00Z,5-16-17-21-23-35,44476712.00,EUR
2019-07-24T00:00:00Z,1-23-27-39-40-45,22827840.00,EUR
2019-07-20T00:00:00Z,5-9-24-29-35-36,44055248.00,EUR
2019-07-17T00:00:00Z,8-19-29-40-47-48,22327842.00,EUR
2019-07-13T00:00:00Z,3-10-26-29-30-42,43543884.00,EUR
2019-07-06T00:00:00Z,19-22-27-40-45-46,43142952.00,EUR
2019-07-03T00:00:00Z,2-37-39-42-45-48,21529120.00,EUR
2019-06-29T00:00:00Z,1-8-31-34-43-45,54733940.00,EUR
2019-06-26T00:00:00Z,13-19-21-34-42-48,27190936.00,EUR
2019-06-22T00:00:00Z,10-11-12-21-30-49,46591536.00,EUR
2019-06-19T00:00:00Z,4-11-20-23-38-41,0.00,EUR
2019-06-15T00:00:00Z,4-6-27-33-40-43,45686128.00,EUR
2019-06-12T00:00:00Z,2-21-24-41-42-47,22615336.00,EUR
2019-06-08T00:00:00Z,1-13-17-21-44-45,45186568.00,EUR
2019-06-05T00:00:00Z,2-3-6-11-42-49,22393300.00,EUR
2019-06-01T00:00:00Z,3-15-22-25-29-30,43779700.00,EUR
2019-05-29T00:00:00Z,2-8-29-32-40-44,0.00,EUR
2019-05-25T00:00:00Z,1-6-12-15-21-36,42030812.00,EUR
2019-05-22T00:00:00Z,6-16-40-41-46-49,20394316.00,EUR
2019-05-18T00:00:00Z,11-26-32-39-43-47,41437512.00,EUR
2019-05-15T00:00:00Z,13-18-21-35-36-45,21649696.00,EUR
2019-05-11T00:00:00Z,10-15-25-31-42-47,43389248.00,EUR
2019-05-08T00:00:00Z,5-10-15-16-38-41,0.00,EUR
2019-05-04T00:00:00Z,1-19-24-29-35-42,42180892.00,EUR
2019-05-01T00:00:00Z,4-16-27-31-38-47,23729812.00,EUR
2019-04-27T00:00:00Z,2-13-14-19-47-48,41806944.00,EUR
2019-04-24T00:00:00Z,1-9-11-44-47-49,21128046.00,EUR
2019-04-20T00:00:00Z,6-8-19-25-29-41,44486588.00,EUR
2019-04-17T00:00:00Z,11-18-27-38-42-45,21378176.00,EUR
2019-04-13T00:00:00Z,4-19-27-29-36-41,0.00,EUR
2019-04-10T00:00:00Z,1-4-21-22-37-39,20141696.00,EUR
2019-04-06T00:00:00Z,12-21-23-32-41-42,0.00,EUR
2019-04-03T00:00:00Z,2-5-7-9-13-22,0.00,EUR
2019-03-30T00:00:00Z,3-26-28-29-46-49,0.00,EUR
2019-03-27T00:00:00Z,10-15-31-36-40-48,20093490.00,EUR
2019-03-23T00:00:00Z,3-23-26-29-42-44,0.00,EUR
2019-03-20T00:00:00Z,4-9-19-40-44-47,20890760.00,EUR
2019-03-16T00:00:00Z,10-14-20-22-39-46,0.00,EUR
2019-03-13T00:00:00Z,15-19-20-33-34-36,0.00,EUR
2019-03-09T00:00:00Z,8-12-20-22-32-38,0.00,EUR
2019-03-06T00:00:00Z,1-9-35-37-43-46,20859856.00,EUR
2019-03-02T00:00:00Z,38-41-42-46-48-49,43914432.00,EUR
2019-02-27T00:00:00Z,11-13-19-20-24-49,20418964.00,EUR
2019-02-23T00:00:00Z,8-15-21-27-29-47,43115372.00,EUR
2019-02-20T00:00:00Z,5-11-12-19-21-48,20751908.00,EUR
2019-02-16T00:00:00Z,6-9-10-11-18-22,44572368.00,EUR
2019-02-13T00:00:00Z,5-11-23-31-42-43,22326658.00,EUR
2019-02-09T00:00:00Z,2-32-34-39-42-49,43955136.00,EUR
2019-02-06T00:00:00Z,5-10-21-22-33-36,23474334.00,EUR
2019-02-02T00:00:00Z,3-21-29-30-34-37,45837536.00,EUR
2019-01-30T00:00:00Z,7-13-19-22-23-36,21984284.00,EUR
2019-01-26T00:00:00Z,16-18-29-31-35-47,45025280.00,EUR
2019-01-23T00:00:00Z,6-7-33-35-37-42,37293772.00,EUR
2019-01-19T00:00:00Z,6-12-24-29-36-47,52218968.00,EUR
2019-01-16T00:00:00Z,5-6-12-13-31-35,28034872.00,EUR
2019-01-12T00:00:00Z,4-9-25-31-38-40,50567420.00,EUR
2019-01-09T00:00:00Z,7-8-14-22-29-44,25999908.00,EUR
2019-01-05T00:00:00Z,4-16-22-31-40-45,47764736.00,EUR
2019-01-02T00:00:00Z,5-13-15-17-19-36,23426040.00,EUR
2018-12-29T00:00:00Z,4-14-25-38-44-47,58926968.00,EUR
2018-12-26T00:00:00Z,2-16-22-30-36-43,23715224.00,EUR
2018-12-22T00:00:00Z,8-20-21-25-43-44,47376420.00,EUR
2018-12-19T00:00:00Z,4-12-19-32-34-41,22074364.00,EUR
2018-12-15T00:00:00Z,1-23-30-31-37-45,43892628.00,EUR
2018-12-12T00:00:00Z,3-7-20-33-34-48,20761914.00,EUR
2018-12-08T00:00:00Z,6-12-25-26-44-46,46450264.00,EUR
2018-12-05T00:00:00Z,13-29-36-47-48-49,22633700.00,EUR
2018-12-01T00:00:00Z,6-8-23-27-31-46,47040388.00,EUR
2018-11-28T00:00:00Z,23-26-28-31-48-49,22770508.00,EUR
2018-11-24T00:00:00Z,14-15-20-37-40-45,44436760.00,EUR
2018-11-21T00:00:00Z,18-24-29-30-42-47,21477444.00,EUR
2018-11-17T00:00:00Z,3-6-18-31-39-40,43437752.00,EUR
2018-11-14T00:00:00Z,4-9-22-27-31-41,20686254.00,EUR
2018-11-10T00:00:00Z,3-13-14-29-40-41,42620592.00,EUR
2018-11-07T00:00:00Z,4-15-31-37-41-42,20823376.00,EUR
2018-11-03T00:00:00Z,6-18-20-28-42-49,42774080.00,EUR
2018-10-31T00:00:00Z,4-6-13-16-22-40,21291500.00,EUR
2018-10-27T00:00:00Z,8-30-35-38-40-47,42479680.00,EUR
2018-10-24T00:00:00Z,5-13-24-32-37-41,19707820.00,EUR
2018-10-20T00:00:00Z,2-13-16-32-45-47,42614900.00,EUR
2018-10-17T00:00:00Z,7-9-20-24-35-36,20047620.00,EUR
2018-10-13T00:00:00Z,3-7-9-11-27-36,43786888.00,EUR
2018-10-10T00:00:00Z,1-14-18-32-37-45,21291404.00,EUR
2018-10-06T00:00:00Z,2-21-26-27-33-45,43242220.00,EUR
2018-10-03T00:00:00Z,3-9-29-30-33-39,23643028.00,EUR
2018-09-29T00:00:00Z,4-5-9-16-19-45,46758512.00,EUR
2018-09-26T00:00:00Z,10-18-25-36-38-44,23114572.00,EUR
2018-09-22T00:00:00Z,17-33-37-41-42-47,44695824.00,EUR
2018-09-19T00:00:00Z,3-5-8-19-30-47,22076284.00,EUR
2018-09-15T00:00:00Z,1-12-14-26-27-39,44144476.00,EUR
2018-09-12T00:00:00Z,7-13-24-28-31-32,21657124.00,EUR
2018-09-08T00:00:00Z,6-23-27-29-30-44,44495900.00,EUR
2018-09-05T00:00:00Z,3-9-13-15-37-46,31875680.00,EUR
2018-09-01T00:00:00Z,4-12-21-38-39-46,49774952.00,EUR
2018-08-29T00:00:00Z,3-17-21-22-24-39,25267744.00,EUR
2018-08-25T00:00:00Z,8-15-16-20-31-37,47186224.00,EUR
2018-08-22T00:00:00Z,6-7-15-16-26-32,23632224.00,EUR
2018-08-18T00:00:00Z,1-3-14-34-42-46,45464012.00,EUR
2018-08-15T00:00:00Z,6-13-18-24-29-31,22487958.00,EUR
2018-08-11T00:00:00Z,5-8-10-36-46-47,44210828.00,EUR
2018-08-08T00:00:00Z,8-11-18-26-40-49,21500472.00,EUR
2018-08-04T00:00:00Z,6-25-29-30-31-36,42966516.00,EUR
2018-08-01T00:00:00Z,2-22-25-32-45-46,20670384.00,EUR
2018-07-28T00:00:00Z,7-11-31-34-35-36,41376708.00,EUR
2018-07-25T00:00:00Z,8-9-39-40-41-43,19193712.00,EUR
2018-07-21T00:00:00Z,1-6-7-20-29-49,42614176.00,EUR
2018-07-18T00:00:00Z,5-14-19-22-33-41,23342792.00,EUR
2018-07-14T00:00:00Z,30-40-41-47-48-49,42346704.00,EUR
2018-07-11T00:00:00Z,1-3-18-28-42-44,20722358.00,EUR
2018-07-07T00:00:00Z,2-5-13-18-25-36,42530752.00,EUR
2018-07-04T00:00:00Z,1-5-10-25-32-37,19915144.00,EUR
2018-06-30T00:00:00Z,16-24-37-38-40-42,43812668.00,EUR
2018-06-27T00:00:00Z,13-17-35-37-45-46,21502236.00,EUR
2018-06-23T00:00:00Z,6-17-25-29-48-49,42374796.00,EUR
2018-06-20T00:00:00Z,6-22-31-33-36-43,19532226.00,EUR
2018-06-16T00:00:00Z,4-19-31-33-40-46,43152464.00,EUR
2018-06-13T00:00:00Z,3-4-6-10-46-48,20832196.00,EUR
2018-06-09T00:00:00Z,13-16-34-35-39-42,42634520.00,EUR
2018-06-06T00:00:00Z,3-8-13-15-18-42,19917028.00,EUR
2018-06-02T00:00:00Z,1-10-19-24-30-31,43497176.00,EUR
2018-05-30T00:00:00Z,15-23-29-35-38-48,20820660.00,EUR
2018-05-26T00:00:00Z,10-16-24-27-47-48,42978956.00,EUR
2018-05-23T00:00:00Z,7-16-29-36-45-47,20891560.00,EUR
2018-05-19T00:00:00Z,3-4-27-41-44-49,43805912.00,EUR
2018-05-16T00:00:00Z,2-12-13-19-34-46,20606168.00,EUR
2018-05-12T00:00:00Z,23-27-29-36-38-42,42450096.00,EUR
2018-05-05T00:00:00Z,1-5-17-31-34-49,43951480.00,EUR
2018-05-02T00:00:00Z,3-5-12-19-42-44,20417542.00,EUR
2018-04-28T00:00:00Z,2-9-11-33-47-48,42980376.00,EUR
2018-04-25T00:00:00Z,4-6-10-11-17-25,21638022.00,EUR
2018-04-21T00:00:00Z,12-15-19-23-29-38,43507208.00,EUR
2018-04-18T00:00:00Z,2-4-7-10-35-37,20770904.00,EUR
2018-04-14T00:00:00Z,4-9-33-34-42-47,43753628.00,EUR
2018-04-11T00:00:00Z,9-20-25-27-44-48,20413264.00,EUR
2018-04-07T00:00:00Z,12-15-19-27-34-47,44382920.00,EUR
2018-04-04T00:00:00Z,13-23-28-30-33-46,20916164.00,EUR
2018-03-31T00:00:00Z,1-8-12-15-46-48,46187772.00,EUR
2018-03-28T00:00:00Z,1-23-25-31-38-47,21535632.00,EUR
2018-03-24T00:00:00Z,3-16-27-34-42-45,44248616.00,EUR
2018-03-21T00:00:00Z,20-26-29-38-43-48,23909512.00,EUR
2018-03-17T00:00:00Z,1-7-17-22-29-46,46548040.00,EUR
2018-03-14T00:00:00Z,13-18-30-38-45-48,22431224.00,EUR
2018-03-10T00:00:00Z,8-19-34-35-40-49,45519640.00,EUR
2018-03-07T00:00:00Z,5-24-28-30-35-42,21621588.00,EUR
2018-03-03T00:00:00Z,5-24-28-37-40-44,44685928.00,EUR
2018-02-28T00:00:00Z,6-15-32-36-43-47,20898836.00,EUR
2018-02-24T00:00:00Z,18-27-33-41-44-47,45456076.00,EUR
2018-02-21T00:00:00Z,3-6-8-29-40-47,22144048.00,EUR
2018-02-17T00:00:00Z,15-18-26-27-37-42,44791204.00,EUR
2018-02-14T00:00:00Z,6-16-20-22-23-24,21109868.00,EUR
2018-02-10T00:00:00Z,17-20-27-35-41-45,46542340.00,EUR
2018-02-07T00:00:00Z,15-20-25-28-33-41,22260648.00,EUR
2018-02-03T00:00:00Z,5-9-13-20-39-48,46293388.00,EUR
2018-01-31T00:00:00Z,3-6-8-26-29-38,23727248.00,EUR
2018-01-27T00:00:00Z,4-22-24-34-36-43,46317160.00,EUR
2018-01-24T00:00:00Z,3-5-18-31-37-45,21925080.00,EUR
2018-01-20T00:00:00Z,3-11-15-18-33-45,45746760.00,EUR
2018-01-17T00:00:00Z,3-13-25-27-32-48,26097624.00,EUR
2018-01-13T00:00:00Z,5-6-14-16-31-48,49672832.00,EUR
2018-01-10T00:00:00Z,3-22-24-25-43-45,24378366.00,EUR
2018-01-06T00:00:00Z,5-14-32-37-46-47,47358256.00,EUR
2018-01-03T00:00:00Z,10-15-31-34-35-45,22909484.00,EUR
2017-12-30T00:00:00Z,11-12-14-27-37-48,61363996.00,EUR
2017-12-27T00:00:00Z,17-19-31-37-45-46,22036192.00,EUR
2017-12-23T00:00:00Z,4-11-31-32-38-39,57963448.00,EUR
2017-12-20T00:00:00Z,8-13-35-38-39-44,26160652.00,EUR
2017-12-16T00:00:00Z,5-6-18-23-30-40,49143784.00,EUR
2017-12-13T00:00:00Z,2-3-9-14-17-27,24073710.00,EUR
2017-12-09T00:00:00Z,7-12-16-20-25-46,48517320.00,EUR
2017-12-06T00:00:00Z,11-18-19-29-35-43,23874594.00,EUR
2017-12-02T00:00:00Z,3-12-13-17-18-33,45724312.00,EUR
2017-11-29T00:00:00Z,9-16-25-28-30-32,20812388.00,EUR
2017-11-25T00:00:00Z,11-17-20-26-37-43,45819120.00,EUR
2017-11-22T00:00:00Z,24-28-29-32-34-48,21854862.00,EUR
2017-11-18T00:00:00Z,2-5-9-12-20-35,45022868.00,EUR
2017-11-15T00:00:00Z,6-23-35-40-45-46,21282524.00,EUR
2017-11-11T00:00:00Z,1-7-11-16-19-37,50140720.00,EUR
2017-11-08T00:00:00Z,7-14-24-37-38-43,24999516.00,EUR
2017-11-04T00:00:00Z,3-7-14-21-46-47,48161264.00,EUR
2017-11-01T00:00:00Z,3-8-15-18-21-31,22098898.00,EUR
2017-10-28T00:00:00Z,1-20-22-24-33-36,45936592.00,EUR
2017-10-25T00:00:00Z,1-18-29-32-36-42,21689470.00,EUR
2017-10-21T00:00:00Z,4-10-15-25-34-46,44635928.00,EUR
2017-10-18T00:00:00Z,4-7-10-11-13-38,20940130.00,EUR
2017-10-14T00:00:00Z,7-9-10-13-35-40,48600280.00,EUR
2017-10-11T00:00:00Z,3-6-17-20-21-42,23873252.00,EUR
2017-10-07T00:00:00Z,11-20-21-24-30-49,45866576.00,EUR
2017-10-04T00:00:00Z,11-15-16-17-19-45,21338436.00,EUR
2017-09-30T00:00:00Z,4-18-19-23-33-46,44850500.00,EUR
2017-09-27T00:00:00Z,17-20-25-31-33-37,20491624.00,EUR
2017-09-23T00:00:00Z,10-15-19-23-38-44,45685924.00,EUR
2017-09-20T00:00:00Z,3-9-28-30-36-46,22063388.00,EUR
2017-09-16T00:00:00Z,21-26-27-31-35-47,44522996.00,EUR
2017-09-13T00:00:00Z,11-16-17-18-30-40,21120488.00,EUR
2017-09-09T00:00:00Z,8-14-18-27-40-49,49152524.00,EUR
2017-09-06T00:00:00Z,12-16-19-28-33-48,24642702.00,EUR
2017-09-02T00:00:00Z,3-5-8-14-33-34,47870208.00,EUR
2017-08-30T00:00:00Z,5-7-9-21-29-34,22663866.00,EUR
2017-08-26T00:00:00Z,2-11-19-24-28-49,44931384.00,EUR
2017-08-23T00:00:00Z,16-23-25-28-32-49,21509266.00,EUR
2017-08-19T00:00:00Z,2-10-29-35-45-48,44070840.00,EUR
2017-08-16T00:00:00Z,6-9-29-36-38-49,20613472.00,EUR
2017-08-12T00:00:00Z,5-15-25-27-47-49,45461160.00,EUR
2017-08-09T00:00:00Z,1-10-18-39-41-49,22058640.00,EUR
2017-08-05T00:00:00Z,14-18-19-23-37-49,44821724.00,EUR
2017-08-02T00:00:00Z,21-22-23-34-36-49,24881596.00,EUR
2017-07-29T00:00:00Z,14-20-29-30-35-37,47191744.00,EUR
2017-07-26T00:00:00Z,12-15-18-26-27-33,22906716.00,EUR
2017-07-22T00:00:00Z,5-27-37-41-45-47,45372016.00,EUR
2017-07-19T00:00:00Z,17-19-21-27-36-41,24896836.00,EUR
2017-07-15T00:00:00Z,8-25-31-32-33-38,44873624.00,EUR
2017-07-12T00:00:00Z,18-22-30-36-44-49,20962822.00,EUR
2017-07-08T00:00:00Z,2-3-17-23-27-40,47064976.00,EUR
2017-07-05T00:00:00Z,7-33-34-39-40-47,23497104.00,EUR
2017-07-01T00:00:00Z,2-3-15-22-35-47,47419704.00,EUR
2017-06-28T00:00:00Z,13-17-29-38-41-42,22864936.00,EUR
2017-06-24T00:00:00Z,13-23-27-38-43-46,44250204.00,EUR
2017-06-21T00:00:00Z,4-6-7-39-41-44,20738188.00,EUR
2017-06-17T00:00:00Z,2-6-16-22-44-49,45550656.00,EUR
2017-06-14T00:00:00Z,29-30-32-33-36-44,22490528.00,EUR
2017-06-10T00:00:00Z,4-6-16-26-29-42,45831548.00,EUR
2017-06-07T00:00:00Z,6-17-18-28-33-37,32973944.00,EUR
2017-06-03T00:00:00Z,24-31-32-35-37-46,53040460.00,EUR
2017-05-31T00:00:00Z,9-17-24-27-36-48,26781068.00,EUR
2017-05-27T00:00:00Z,23-24-25-27-29-49,47928152.00,EUR
2017-05-24T00:00:00Z,6-13-19-25-26-44,25524756.00,EUR
2017-05-20T00:00:00Z,1-15-29-34-37-44,48145100.00,EUR
2017-05-17T00:00:00Z,1-2-23-26-36-43,23690364.00,EUR
2017-05-13T00:00:00Z,7-19-32-45-47-48,47672992.00,EUR
2017-05-10T00:00:00Z,9-18-26-38-39-42,23332488.00,EUR
2017-05-06T00:00:00Z,16-26-30-31-32-47,46393308.00,EUR
2017-05-03T00:00:00Z,4-5-12-18-20-33,21671224.00,EUR
2017-04-29T00:00:00Z,3-4-18-36-37-49,46031888.00,EUR
2017-04-26T00:00:00Z,25-31-34-37-39-42,20825156.00,EUR
2017-04-22T00:00:00Z,1-11-12-19-25-32,47912876.00,EUR
2017-04-19T00:00:00Z,19-23-27-30-41-48,22290548.00,EUR
2017-04-15T00:00:00Z,12-18-21-27-30-36,47940860.00,EUR
2017-04-12T00:00:00Z,10-11-14-24-26-48,22188980.00,EUR
2017-04-08T00:00:00Z,2-7-28-39-40-47,45496344.00,EUR
2017-04-05T00:00:00Z,1-6-7-22-41-49,21133124.00,EUR
2017-04-01T00:00:00Z,5-8-9-18-22-36,47444840.00,EUR
2017-03-29T00:00:00Z,9-21-24-25-28-47,22040028.00,EUR
2017-03-25T00:00:00Z,1-9-11-25-26-49,45592308.00,EUR
2017-03-22T00:00:00Z,4-15-18-21-22-38,21708228.00,EUR
2017-03-18T00:00:00Z,4-12-23-27-31-40,52715504.00,EUR
2017-03-15T00:00:00Z,7-15-16-25-26-40,27191624.00,EUR
2017-03-11T00:00:00Z,4-12-17-26-46-49,50649836.00,EUR
2017-03-08T00:00:00Z,3-7-16-26-28-35,26044772.00,EUR
2017-03-04T00:00:00Z,1-19-22-23-41-45,49741228.00,EUR
2017-03-01T00:00:00Z,12-22-29-30-31-38,24312088.00,EUR
2017-02-25T00:00:00Z,1-3-4-9-28-32,47365740.00,EUR
2017-02-22T00:00:00Z,1-5-7-25-42-46,22645744.00,EUR
2017-02-18T00:00:00Z,17-20-24-25-27-41,46241040.00,EUR
2017-02-15T00:00:00Z,7-13-18-33-36-39,21594222.00,EUR
2017-02-11T00:00:00Z,3-12-22-32-45-46,48039936.00,EUR
2017-02-08T00:00:00Z,14-22-28-30-41-46,23154444.00,EUR
2017-02-04T00:00:00Z,2-16-28-37-39-49,47236424.00,EUR
2017-02-01T00:00:00Z,3-13-19-21-25-42,22050092.00,EUR
2017-01-28T00:00:00Z,6-9-15-38-41-42,47765924.00,EUR
2017-01-25T00:00:00Z,1-2-14-17-25-49,31892982.00,EUR
2017-01-21T00:00:00Z,5-9-11-14-26-39,55467648.00,EUR
2017-01-18T00:00:00Z,10-11-13-28-39-40,29278480.00,EUR
2017-01-14T00:00:00Z,3-4-23-27-28-37,54716508.00,EUR
2017-01-11T00:00:00Z,20-27-29-32-34-38,27596782.00,EUR
2017-01-07T00:00:00Z,12-14-17-22-45-46,51173316.00,EUR
2017-01-04T00:00:00Z,5-13-21-37-39-48,25783220.00,EUR
2016-12-31T00:00:00Z,27-29-37-42-45-47,61921952.00,EUR
2016-12-28T00:00:00Z,1-3-4-22-29-30,23740036.00,EUR
2016-12-24T00:00:00Z,4-11-18-22-30-45,54023100.00,EUR
2016-12-21T00:00:00Z,3-21-23-38-39-42,22790642.00,EUR
2016-12-17T00:00:00Z,6-24-28-29-34-35,46897484.00,EUR
2016-12-14T00:00:00Z,33-34-38-42-43-44,21602360.00,EUR
2016-12-10T00:00:00Z,11-17-32-34-37-49,48018164.00,EUR
2016-12-07T00:00:00Z,13-18-36-40-42-48,22490212.00,EUR
2016-12-03T00:00:00Z,5-16-39-43-47-48,47898300.00,EUR
2016-11-30T00:00:00Z,1-10-12-19-21-47,22110976.00,EUR
2016-11-26T00:00:00Z,26-32-41-42-45-47,45386960.00,EUR
2016-11-23T00:00:00Z,4-27-28-31-38-44,22002308.00,EUR
2016-11-19T00:00:00Z,1-2-6-15-38-39,46744012.00,EUR
2016-11-16T00:00:00Z,13-19-20-38-39-44,20958828.00,EUR
2016-11-12T00:00:00Z,2-6-9-19-20-47,47188204.00,EUR
2016-11-09T00:00:00Z,6-13-20-33-39-41,22218604.00,EUR
2016-11-05T00:00:00Z,9-32-35-38-42-43,46343996.00,EUR
2016-11-02T00:00:00Z,1-12-19-26-30-48,21111018.00,EUR
2016-10-29T00:00:00Z,5-7-8-26-28-36,47475456.00,EUR
2016-10-26T00:00:00Z,11-15-18-43-44-45,22068636.00,EUR
2016-10-22T00:00:00Z,2-21-26-32-36-48,45935464.00,EUR
2016-10-19T00:00:00Z,16-32-33-40-42-43,21404798.00,EUR
2016-10-15T00:00:00Z,7-13-19-29-38-41,49614192.00,EUR
2016-10-12T00:00:00Z,22-29-35-37-39-47,24115282.00,EUR
2016-10-08T00:00:00Z,14-21-32-33-35-48,47879560.00,EUR
2016-10-05T00:00:00Z,1-5-6-17-28-41,22335140.00,EUR
2016-10-01T00:00:00Z,7-20-25-26-34-37,47013472.00,EUR
2016-09-28T00:00:00Z,11-15-38-41-44-46,21043752.00,EUR
2016-09-24T00:00:00Z,4-15-18-21-32-45,46068012.00,EUR
2016-09-21T00:00:00Z,1-8-11-18-24-29,21819426.00,EUR
2016-09-17T00:00:00Z,3-34-35-37-46-47,48174960.00,EUR
2016-09-14T00:00:00Z,2-3-15-20-31-35,37380728.00,EUR
2016-09-10T00:00:00Z,1-3-6-11-24-43,55130708.00,EUR
2016-09-07T00:00:00Z,7-11-18-19-21-27,29234760.00,EUR
2016-09-03T00:00:00Z,8-14-18-25-30-36,53623160.00,EUR
2016-08-31T00:00:00Z,3-7-31-37-40-41,27576440.00,EUR
2016-08-27T00:00:00Z,1-8-22-32-33-43,49805392.00,EUR
2016-08-24T00:00:00Z,6-14-16-35-42-48,24972216.00,EUR
2016-08-20T00:00:00Z,23-28-30-31-37-45,48865484.00,EUR
2016-08-17T00:00:00Z,2-10-30-34-41-49,23929256.00,EUR
2016-08-13T00:00:00Z,6-14-28-30-37-39,47651516.00,EUR
2016-08-10T00:00:00Z,11-12-17-23-43-49,23043948.00,EUR
2016-08-06T00:00:00Z,6-25-26-33-45-47,46702452.00,EUR
2016-08-03T00:00:00Z,15-21-26-34-42-43,22416840.00,EUR
2016-07-30T00:00:00Z,6-13-23-26-30-33,56558944.00,EUR
2016-07-27T00:00:00Z,5-6-7-17-18-39,29328816.00,EUR
2016-07-23T00:00:00Z,5-25-29-43-47-48,52870348.00,EUR
2016-07-20T00:00:00Z,1-18-20-28-40-49,27242396.00,EUR
2016-07-16T00:00:00Z,1-18-22-30-34-44,50959152.00,EUR
2016-07-13T00:00:00Z,10-14-20-27-33-41,25562216.00,EUR
2016-07-09T00:00:00Z,1-34-37-40-44-49,49029884.00,EUR
2016-07-06T00:00:00Z,4-16-18-37-38-42,24036224.00,EUR
2016-07-02T00:00:00Z,4-6-8-15-26-30,47842552.00,EUR
2016-06-29T00:00:00Z,4-5-28-32-44-49,21912232.00,EUR
2016-06-25T00:00:00Z,2-6-10-11-34-44,44926316.00,EUR
2016-06-22T00:00:00Z,8-19-35-40-41-43,21794296.00,EUR
2016-06-18T00:00:00Z,2-8-12-17-19-27,46825196.00,EUR
2016-06-15T00:00:00Z,7-12-13-33-48-49,23606664.00,EUR
2016-06-11T00:00:00Z,6-13-21-27-38-45,47401784.00,EUR
2016-06-08T00:00:00Z,2-5-30-33-44-48,22437310.00,EUR
2016-06-04T00:00:00Z,5-6-22-31-35-42,47099276.00,EUR
2016-06-01T00:00:00Z,19-25-30-35-40-46,24449860.00,EUR
2016-05-28T00:00:00Z,5-9-17-24-39-45,47349892.00,EUR
2016-05-25T00:00:00Z,6-9-10-21-30-36,23120152.00,EUR
2016-05-21T00:00:00Z,2-5-29-46-47-48,46826176.00,EUR
2016-05-18T00:00:00Z,10-13-19-26-31-41,22735942.00,EUR
2016-05-14T00:00:00Z,5-13-15-26-30-44,67508352.00,EUR
2016-05-11T00:00:00Z,10-19-20-31-39-41,37257736.00,EUR
2016-05-07T00:00:00Z,16-32-34-37-42-44,54793104.00,EUR
2016-05-04T00:00:00Z,2-11-14-35-39-49,31057492.00,EUR
2016-04-30T00:00:00Z,14-26-28-30-36-43,55825732.00,EUR
2016-04-27T00:00:00Z,1-6-9-21-26-37,27400202.00,EUR
2016-04-23T00:00:00Z,8-15-16-17-27-35,51402868.00,EUR
2016-04-20T00:00:00Z,1-5-11-13-20-49,24937704.00,EUR
2016-04-16T00:00:00Z,5-14-15-20-22-38,49556228.00,EUR
2016-04-13T00:00:00Z,2-13-17-35-36-49,23152932.00,EUR
2016-04-09T00:00:00Z,1-4-38-39-46-47,47714308.00,EUR
2016-04-06T00:00:00Z,6-19-25-30-33-42,22129886.00,EUR
2016-04-02T00:00:00Z,1-10-17-23-28-38,46620512.00,EUR
2016-03-30T00:00:00Z,1-5-9-13-26-41,21347636.00,EUR
2016-03-23T00:00:00Z,9-10-16-22-31-44,23698638.00,EUR
2016-03-19T00:00:00Z,4-10-15-37-44-49,48170344.00,EUR
2016-03-16T00:00:00Z,9-11-26-29-35-46,22383852.00,EUR
2016-03-12T00:00:00Z,20-26-30-39-47-49,48034328.00,EUR
2016-03-09T00:00:00Z,10-13-32-37-46-48,23455028.00,EUR
2016-03-05T00:00:00Z,7-10-33-37-43-46,48483496.00,EUR
2016-03-02T00:00:00Z,1-8-10-16-17-40,22120800.00,EUR
2016-02-27T00:00:00Z,7-10-15-25-37-49,48068836.00,EUR
2016-02-24T00:00:00Z,5-13-23-31-47-48,21719528.00,EUR
2016-02-20T00:00:00Z,1-13-16-29-30-31,48210392.00,EUR
2016-02-17T00:00:00Z,24-26-32-35-38-39,22570156.00,EUR
2016-02-13T00:00:00Z,18-20-30-32-43-45,55133660.00,EUR
2016-02-10T00:00:00Z,2-17-19-32-34-38,26936888.00,EUR
2016-02-06T00:00:00Z,10-16-25-28-34-49,52290100.00,EUR
2016-02-03T00:00:00Z,10-18-19-31-33-47,25311428.00,EUR
2016-01-30T00:00:00Z,18-23-33-34-40-48,50182300.00,EUR
2016-01-27T00:00:00Z,12-14-16-19-29-47,22826804.00,EUR
2016-01-23T00:00:00Z,2-16-25-26-27-40,47297224.00,EUR
2016-01-20T00:00:00Z,7-12-14-15-19-46,21557852.00,EUR
2016-01-16T00:00:00Z,9-21-23-31-34-39,48139216.00,EUR
2016-01-13T00:00:00Z,14-18-19-25-35-46,22216920.00,EUR
2016-01-09T00:00:00Z,10-13-31-34-46-48,51977944.00,EUR
2016-01-06T00:00:00Z,3-12-27-36-42-45,24651714.00,EUR
2016-01-02T00:00:00Z,1-23-30-35-43-47,51061100.00,EUR
2015-12-30T00:00:00Z,8-14-17-26-27-45,26145608.00,EUR
2015-12-26T00:00:00Z,9-15-19-22-40-41,60247576.00,EUR
2015-12-23T00:00:00Z,13-18-21-32-34-47,25800984.00,EUR
2015-12-19T00:00:00Z,1-7-10-22-33-46,49337248.00,EUR
2015-12-16T00:00:00Z,9-13-21-24-27-36,24079544.00,EUR
2015-12-12T00:00:00Z,1-3-6-24-31-43,48827560.00,EUR
2015-12-09T00:00:00Z,3-30-32-37-44-48,22855124.00,EUR
2015-12-05T00:00:00Z,6-12-29-35-42-47,56417220.00,EUR
2015-12-02T00:00:00Z,3-10-12-26-31-44,28089004.00,EUR
2015-11-28T00:00:00Z,3-6-10-24-37-47,51469152.00,EUR
2015-11-25T00:00:00Z,14-19-36-41-43-46,24503518.00,EUR
2015-11-21T00:00:00Z,12-17-23-29-42-46,50034584.00,EUR
2015-11-18T00:00:00Z,9-19-21-33-48-49,23082092.00,EUR
2015-11-14T00:00:00Z,1-8-24-29-31-48,48589468.00,EUR
2015-11-11T00:00:00Z,14-15-20-25-28-41,21890820.00,EUR
2015-11-07T00:00:00Z,4-11-17-25-39-48,48138344.00,EUR
2015-11-04T00:00:00Z,5-12-24-33-40-45,22084124.00,EUR
2015-10-31T00:00:00Z,7-9-17-26-29-40,48491608.00,EUR
2015-10-28T00:00:00Z,1-18-29-33-47-49,26652110.00,EUR
2015-10-21T00:00:00Z,4-17-18-24-39-49,24759230.00,EUR
2015-10-17T00:00:00Z,9-10-19-23-28-41,49372916.00,EUR
2015-10-14T00:00:00Z,15-17-22-28-29-41,23319940.00,EUR
2015-10-10T00:00:00Z,5-26-37-38-40-49,48299032.00,EUR
2015-10-07T00:00:00Z,7-11-12-25-28-33,22177246.00,EUR
2015-10-03T00:00:00Z,18-31-32-33-40-41,46707900.00,EUR
2015-09-30T00:00:00Z,1-2-16-22-39-49,23906072.00,EUR
2015-09-26T00:00:00Z,6-15-16-31-33-34,49805760.00,EUR
2015-09-23T00:00:00Z,10-14-18-24-33-44,47940164.00,EUR
2015-09-19T00:00:00Z,8-12-17-29-37-44,61872392.00,EUR
2015-09-16T00:00:00Z,1-4-5-24-30-42,32758316.00,EUR
2015-09-12T00:00:00Z,2-6-15-22-26-28,56005264.00,EUR
2015-09-09T00:00:00Z,2-19-26-28-44-46,28746136.00,EUR
2015-09-05T00:00:00Z,1-12-13-22-43-47,53300448.00,EUR
2015-09-02T00:00:00Z,2-3-16-18-20-35,26495194.00,EUR
2015-08-29T00:00:00Z,8-12-16-23-28-44,50235932.00,EUR
2015-08-26T00:00:00Z,3-16-26-30-36-42,23861960.00,EUR
2015-08-22T00:00:00Z,2-3-26-44-45-46,47928392.00,EUR
2015-08-19T00:00:00Z,16-22-24-28-38-48,22370272.00,EUR
2015-08-15T00:00:00Z,3-9-14-26-30-42,46401708.00,EUR
2015-08-12T00:00:00Z,6-10-15-24-28-45,21409968.00,EUR
2015-08-08T00:00:00Z,7-13-29-36-42-48,50351080.00,EUR
2015-08-05T00:00:00Z,7-10-15-35-38-39,24564220.00,EUR
2015-08-01T00:00:00Z,4-7-16-20-31-36,49123172.00,EUR
2015-07-29T00:00:00Z,18-25-30-37-39-44,22590842.00,EUR
2015-07-25T00:00:00Z,4-17-30-41-46-47,46874176.00,EUR
2015-07-22T00:00:00Z,18-19-20-22-33-43,21246700.00,EUR
2015-07-18T00:00:00Z,5-17-18-30-31-42,47255184.00,EUR
2015-07-15T00:00:00Z,9-18-34-43-45-48,25044732.00,EUR
2015-07-11T00:00:00Z,11-19-20-30-35-42,49424536.00,EUR
2015-07-08T00:00:00Z,5-12-13-33-38-39,41253884.00,EUR
2015-07-04T00:00:00Z,14-17-18-32-42-47,56834052.00,EUR
2015-07-01T00:00:00Z,10-11-35-37-41-42,30217152.00,EUR
2015-06-27T00:00:00Z,3-19-28-29-33-41,54751712.00,EUR
2015-06-24T00:00:00Z,16-20-31-33-42-45,28797070.00,EUR
2015-06-20T00:00:00Z,6-16-21-32-35-38,52648632.00,EUR
2015-06-17T00:00:00Z,8-12-15-37-41-48,25721124.00,EUR
2015-06-13T00:00:00Z,1-4-5-18-26-43,50316728.00,EUR
2015-06-10T00:00:00Z,2-12-22-34-40-45,23956412.00,EUR
2015-06-06T00:00:00Z,15-16-22-29-41-48,48133444.00,EUR
2015-06-03T00:00:00Z,8-20-23-24-37-48,23059778.00,EUR
2015-05-30T00:00:00Z,2-3-11-24-31-44,48241440.00,EUR
2015-05-27T00:00:00Z,4-8-11-12-14-29,21136220.00,EUR
2015-05-23T00:00:00Z,4-6-14-27-28-46,51835716.00,EUR
2015-05-20T00:00:00Z,2-11-26-30-33-38,24778944.00,EUR
2015-05-16T00:00:00Z,14-15-16-34-40-47,49439856.00,EUR
2015-05-13T00:00:00Z,3-7-20-27-39-49,23941182.00,EUR
2015-05-09T00:00:00Z,7-13-14-29-35-41,49910568.00,EUR
2015-05-06T00:00:00Z,2-6-26-38-40-43,22932042.00,EUR
2015-05-02T00:00:00Z,3-6-7-9-18-45,60678108.00,EUR
2015-04-29T00:00:00Z,7-9-20-38-41-43,32330456.00,EUR
2015-04-25T00:00:00Z,1-3-7-11-23-36,57265832.00,EUR
2015-04-22T00:00:00Z,4-11-21-22-34-35,29333316.00,EUR
2015-04-18T00:00:00Z,3-5-14-17-39-44,54105552.00,EUR
2015-04-15T00:00:00Z,14-29-33-37-39-46,26135898.00,EUR
2015-04-11T00:00:00Z,2-11-15-36-46-47,52697264.00,EUR
2015-04-08T00:00:00Z,14-20-37-41-44-47,23420900.00,EUR
2015-04-04T00:00:00Z,12-20-23-28-34-43,51500860.00,EUR
2015-04-01T00:00:00Z,7-16-22-29-32-38,23006962.00,EUR
2015-03-28T00:00:00Z,6-7-26-27-30-46,47776112.00,EUR
2015-03-25T00:00:00Z,13-16-19-27-39-48,21047648.00,EUR
2015-03-21T00:00:00Z,3-4-5-19-30-41,47941760.00,EUR
2015-03-18T00:00:00Z,6-12-23-25-40-46,21510600.00,EUR
2015-03-14T00:00:00Z,15-21-23-39-43-48,51055416.00,EUR
2015-03-11T00:00:00Z,4-8-10-28-32-42,22830936.00,EUR
2015-03-07T00:00:00Z,1-6-7-16-19-41,49140880.00,EUR
2015-03-04T00:00:00Z,3-16-22-36-46-48,24257224.00,EUR
2015-02-28T00:00:00Z,2-20-25-41-45-49,50216336.00,EUR
2015-02-25T00:00:00Z,20-25-27-30-38-43,22249396.00,EUR
2015-02-21T00:00:00Z,3-18-31-35-41-42,55852292.00,EUR
2015-02-18T00:00:00Z,24-27-31-42-44-46,27524446.00,EUR
2015-02-14T00:00:00Z,21-23-29-36-41-42,53810664.00,EUR
2015-02-11T00:00:00Z,6-25-26-27-28-47,25218028.00,EUR
2015-02-07T00:00:00Z,12-13-14-23-25-47,50759968.00,EUR
2015-02-04T00:00:00Z,21-22-29-37-40-49,23456600.00,EUR
2015-01-31T00:00:00Z,7-27-42-45-46-47,49312552.00,EUR
2015-01-28T00:00:00Z,6-8-22-38-43-47,21377828.00,EUR
2015-01-24T00:00:00Z,1-7-18-27-37-47,48649144.00,EUR
2015-01-21T00:00:00Z,11-12-15-29-41-48,21699552.00,EUR
2015-01-17T00:00:00Z,8-11-22-29-46-47,49475148.00,EUR
2015-01-14T00:00:00Z,1-19-33-38-39-46,22323766.00,EUR
2015-01-10T00:00:00Z,5-11-19-20-32-43,53018076.00,EUR
2015-01-07T00:00:00Z,10-17-41-42-43-46,24760174.00,EUR
2015-01-03T00:00:00Z,17-19-28-36-37-38,50816144.00,EUR
2014-12-31T00:00:00Z,15-20-22-27-39-49,28400592.00,EUR
2014-12-27T00:00:00Z,10-36-43-44-45-48,48473120.00,EUR
2014-12-24T00:00:00Z,14-25-33-38-43-45,28454204.00,EUR
2014-12-20T00:00:00Z,3-4-6-10-24-32,51385720.00,EUR
2014-12-17T00:00:00Z,16-17-22-28-44-46,22774852.00,EUR
2014-12-13T00:00:00Z,5-8-12-18-26-43,54125404.00,EUR
2014-12-10T00:00:00Z,9-11-22-29-30-41,25611388.00,EUR
2014-12-06T00:00:00Z,1-16-21-29-44-47,53050064.00,EUR
2014-12-03T00:00:00Z,4-10-14-23-32-35,24198198.00,EUR
2014-11-29T00:00:00Z,7-17-24-30-38-46,50355560.00,EUR
2014-11-26T00:00:00Z,8-11-24-32-33-44,21695900.00,EUR
2014-11-22T00:00:00Z,1-5-6-11-25-37,52650096.00,EUR
2014-11-19T00:00:00Z,4-5-18-26-34-48,24946762.00,EUR
2014-11-15T00:00:00Z,10-13-14-19-25-31,50652836.00,EUR
2014-11-12T00:00:00Z,14-24-28-32-37-47,22983500.00,EUR
2014-11-08T00:00:00Z,1-8-9-13-41-45,49011772.00,EUR
2014-11-05T00:00:00Z,6-8-17-31-33-49,21641410.00,EUR
2014-11-01T00:00:00Z,4-14-24-30-41-48,47148128.00,EUR
2014-10-29T00:00:00Z,4-9-21-26-39-43,22461016.00,EUR
2014-10-25T00:00:00Z,22-23-28-30-31-35,48567472.00,EUR
2014-10-22T00:00:00Z,1-12-25-35-42-49,26623860.00,EUR
2014-10-18T00:00:00Z,11-15-27-29-30-48,52814148.00,EUR
2014-10-15T00:00:00Z,12-14-16-26-27-31,24511060.00,EUR
2014-10-11T00:00:00Z,1-23-32-34-36-44,50124276.00,EUR
2014-10-08T00:00:00Z,6-19-21-32-34-37,22855184.00,EUR
2014-10-04T00:00:00Z,4-7-24-31-33-45,47734616.00,EUR
2014-10-01T00:00:00Z,1-3-21-23-39-42,21779648.00,EUR
2014-09-27T00:00:00Z,9-13-16-19-39-48,49653724.00,EUR
2014-09-24T00:00:00Z,4-31-34-35-36-46,22307040.00,EUR
2014-09-20T00:00:00Z,1-6-14-40-42-47,47935772.00,EUR
2014-09-17T00:00:00Z,16-32-38-43-44-49,21376168.00,EUR
2014-09-13T00:00:00Z,7-11-25-27-33-39,49943880.00,EUR
2014-09-10T00:00:00Z,8-23-24-32-38-45,22304608.00,EUR
2014-09-06T00:00:00Z,6-11-17-18-32-33,48568248.00,EUR
2014-09-03T00:00:00Z,18-19-23-39-40-47,22614048.00,EUR
2014-08-30T00:00:00Z,14-18-21-25-39-43,48617736.00,EUR
2014-08-27T00:00:00Z,14-15-16-25-29-47,21277848.00,EUR
2014-08-23T00:00:00Z,7-9-10-18-23-36,49885936.00,EUR
2014-08-20T00:00:00Z,1-3-22-28-31-35,22656692.00,EUR
2014-08-16T00:00:00Z,2-5-10-15-29-49,48517928.00,EUR
2014-08-13T00:00:00Z,3-24-30-36-41-46,21833680.00,EUR
2014-08-09T00:00:00Z,3-11-15-22-37-40,52010664.00,EUR
2014-08-06T00:00:00Z,5-6-7-21-31-45,24249816.00,EUR
2014-08-02T00:00:00Z,6-8-11-20-40-41,50086840.00,EUR
2014-07-30T00:00:00Z,9-10-11-12-13-37,22378700.00,EUR
2014-07-26T00:00:00Z,14-26-28-30-33-38,47747024.00,EUR
2014-07-23T00:00:00Z,9-15-20-25-33-38,22426324.00,EUR
2014-07-19T00:00:00Z,5-6-19-34-41-49,47967052.00,EUR
2014-07-16T00:00:00Z,3-17-26-29-31-41,21638208.00,EUR
2014-07-12T00:00:00Z,5-17-26-29-37-39,50383836.00,EUR
2014-07-09T00:00:00Z,3-4-18-25-26-45,22827056.00,EUR
2014-07-05T00:00:00Z,6-10-22-24-38-41,49203140.00,EUR
2014-07-02T00:00:00Z,6-10-15-18-41-44,25589400.00,EUR
2014-06-28T00:00:00Z,2-18-26-32-36-39,50872640.00,EUR
2014-06-25T00:00:00Z,1-6-7-13-28-34,23094326.00,EUR
2014-06-21T00:00:00Z,12-21-30-32-41-44,49027504.00,EUR
2014-06-18T00:00:00Z,6-20-28-33-38-43,22217048.00,EUR
2014-06-14T00:00:00Z,6-11-12-17-42-47,51481876.00,EUR
2014-06-11T00:00:00Z,3-6-11-21-43-44,22783092.00,EUR
2014-06-07T00:00:00Z,12-23-27-35-42-47,50565484.00,EUR
2014-06-04T00:00:00Z,20-21-24-27-28-43,23106036.00,EUR
2014-05-31T00:00:00Z,5-13-17-19-31-41,57992424.00,EUR
2014-05-28T00:00:00Z,10-13-16-29-40-44,30511638.00,EUR
2014-05-24T00:00:00Z,2-7-13-16-27-34,55016824.00,EUR
2014-05-21T00:00:00Z,2-5-6-16-21-31,26074172.00,EUR
2014-05-17T00:00:00Z,9-21-24-37-39-42,53045228.00,EUR
2014-05-14T00:00:00Z,2-7-22-30-32-39,24794506.00,EUR
2014-05-10T00:00:00Z,9-11-20-21-26-42,50914792.00,EUR
2014-05-07T00:00:00Z,1-19-23-25-28-30,23079230.00,EUR
2014-05-03T00:00:00Z,2-14-34-35-40-41,49773572.00,EUR
2014-04-30T00:00:00Z,6-10-30-35-38-48,24138580.00,EUR
2014-04-26T00:00:00Z,3-7-23-34-35-48,48917980.00,EUR
2014-04-23T00:00:00Z,12-13-22-23-40-44,21355010.00,EUR
2014-04-19T00:00:00Z,3-4-25-46-47-48,52701344.00,EUR
2014-04-16T00:00:00Z,18-24-28-30-35-49,22500628.00,EUR
2014-04-12T00:00:00Z,13-16-28-38-48-49,50337728.00,EUR
2014-04-09T00:00:00Z,6-12-32-39-43-46,22547832.00,EUR
2014-04-05T00:00:00Z,14-17-21-37-42-47,57792444.00,EUR
2014-04-02T00:00:00Z,4-6-20-28-42-48,24366156.00,EUR
2014-03-29T00:00:00Z,5-7-8-11-20-24,51330776.00,EUR
2014-03-26T00:00:00Z,3-22-30-36-38-43,22867156.00,EUR
2014-03-22T00:00:00Z,7-10-29-30-34-46,51893284.00,EUR
2014-03-19T00:00:00Z,1-7-10-23-25-40,27612792.00,EUR
2014-03-15T00:00:00Z,3-12-23-33-36-41,54951016.00,EUR
2014-03-12T00:00:00Z,4-7-12-27-31-38,25508864.00,EUR
2014-03-08T00:00:00Z,10-16-24-32-43-45,53547516.00,EUR
2014-03-05T00:00:00Z,5-13-16-33-34-44,25044080.00,EUR
2014-03-01T00:00:00Z,5-13-24-28-38-47,67560728.00,EUR
2014-02-26T00:00:00Z,8-9-11-19-31-48,34602432.00,EUR
2014-02-22T00:00:00Z,25-26-30-32-39-46,61718484.00,EUR
2014-02-19T00:00:00Z,4-18-21-29-36-43,31015308.00,EUR
2014-02-15T00:00:00Z,7-8-17-31-44-48,60738044.00,EUR
2014-02-12T00:00:00Z,10-15-16-18-35-37,29709072.00,EUR
2014-02-08T00:00:00Z,4-18-29-33-42-44,54817680.00,EUR
2014-02-05T00:00:00Z,7-9-16-17-26-32,26046470.00,EUR
2014-02-01T00:00:00Z,17-18-42-46-47-49,54421636.00,EUR
2014-01-29T00:00:00Z,3-12-15-26-34-36,37020460.00,EUR
2014-01-25T00:00:00Z,24-32-36-37-45-48,63458232.00,EUR
2014-01-22T00:00:00Z,2-18-23-26-42-46,31768008.00,EUR
2014-01-18T00:00:00Z,11-15-16-26-32-36,58675296.00,EUR
2014-01-15T00:00:00Z,6-22-39-41-43-49,28438810.00,EUR
2014-01-11T00:00:00Z,5-8-14-23-29-38,55776064.00,EUR
2014-01-08T00:00:00Z,20-28-31-36-44-45,25599030.00,EUR
2014-01-04T00:00:00Z,16-19-25-36-39-48,53831308.00,EUR
2014-01-01T00:00:00Z,6-8-23-24-25-46,26639024.00,EUR
